{
  "A,A|A": 0.248875,
  "A,A|2": 0.639281,
  "A,A|3": 0.686915,
  "A,A|4": 0.742445,
  "A,A|5": 0.80768,
  "A,A|6": 0.829433,
  "A,A|7": 0.628241,
  "A,A|8": 0.487068,
  "A,A|9": 0.361583,
  "A,A|T": 0.259328,
  "2,2|A": -0.50296,
  "2,2|2": -0.035503,
  "2,2|3": 0.040276,
  "2,2|4": 0.12921,
  "2,2|5": 0.286078,
  "2,2|6": 0.319769,
  "2,2|7": 0.016854,
  "2,2|8": -0.17851,
  "2,2|9": -0.368332,
  "2,2|T": -0.467223,
  "3,3|A": -0.532638,
  "3,3|2": -0.107345,
  "3,3|3": -0.02091,
  "3,3|4": 0.155847,
  "3,3|5": 0.28608,
  "3,3|6": 0.310012,
  "3,3|7": -0.04132,
  "3,3|8": -0.220566,
  "3,3|9": -0.400077,
  "3,3|T": -0.506252,
  "4,4|A": -0.604158,
  "4,4|2": -0.157065,
  "4,4|3": -0.007079,
  "4,4|4": 0.128522,
  "4,4|5": 0.255829,
  "4,4|6": 0.281568,
  "4,4|7": -0.177648,
  "4,4|8": -0.322299,
  "4,4|9": -0.487916,
  "4,4|T": -0.587695,
  "5,5|A": -0.753664,
  "5,5|2": -0.196574,
  "5,5|3": -0.094722,
  "5,5|4": 0.031086,
  "5,5|5": 0.168124,
  "5,5|6": 0.166586,
  "5,5|7": -0.310948,
  "5,5|8": -0.482146,
  "5,5|9": -0.650026,
  "5,5|T": -0.724627,
  "6,6|A": -0.673866,
  "6,6|2": -0.099971,
  "6,6|3": 0.005489,
  "6,6|4": 0.130366,
  "6,6|5": 0.246471,
  "6,6|6": 0.17786,
  "6,6|7": -0.192572,
  "6,6|8": -0.369192,
  "6,6|9": -0.556615,
  "6,6|T": -0.659371,
  "7,7|A": -0.669831,
  "7,7|2": -0.048989,
  "7,7|3": 0.048813,
  "7,7|4": 0.164182,
  "7,7|5": 0.199072,
  "7,7|6": 0.212449,
  "7,7|7": -0.051518,
  "7,7|8": -0.380784,
  "7,7|9": -0.548673,
  "7,7|T": -0.62039,
  "8,8|A": -0.464023,
  "8,8|2": 0.11853,
  "8,8|3": 0.195224,
  "8,8|4": 0.22474,
  "8,8|5": 0.326723,
  "8,8|6": 0.346346,
  "8,8|7": 0.303269,
  "8,8|8": -0.05983,
  "8,8|9": -0.401793,
  "8,8|T": -0.44816,
  "9,9|A": -0.189759,
  "9,9|2": 0.208354,
  "9,9|3": 0.215775,
  "9,9|4": 0.306356,
  "9,9|5": 0.405202,
  "9,9|6": 0.407389,
  "9,9|7": 0.358537,
  "9,9|8": 0.206999,
  "9,9|9": -0.099249,
  "9,9|T": -0.27452,
  "T,T|A": -0.445244,
  "T,T|2": 0.079724,
  "T,T|3": 0.159177,
  "T,T|4": 0.25219,
  "T,T|5": 0.358542,
  "T,T|6": 0.379925,
  "T,T|7": 0.30403,
  "T,T|8": 0.076675,
  "T,T|9": -0.18309,
  "T,T|T": -0.262691
}
