{
  "A,A|A": 0.23849,
  "A,A|2": 0.621751,
  "A,A|3": 0.669993,
  "A,A|4": 0.722587,
  "A,A|5": 0.780576,
  "A,A|6": 0.816853,
  "A,A|7": 0.628725,
  "A,A|8": 0.495113,
  "A,A|9": 0.362669,
  "A,A|T": 0.282769,
  "2,2|A": -0.514199,
  "2,2|2": -0.0614,
  "2,2|3": 0.012617,
  "2,2|4": 0.09405,
  "2,2|5": 0.22544,
  "2,2|6": 0.29684,
  "2,2|7": 0.011756,
  "2,2|8": -0.176828,
  "2,2|9": -0.378079,
  "2,2|T": -0.487253,
  "3,3|A": -0.5538,
  "3,3|2": -0.119867,
  "3,3|3": -0.034062,
  "3,3|4": 0.097242,
  "3,3|5": 0.214376,
  "3,3|6": 0.284167,
  "3,3|7": -0.047444,
  "3,3|8": -0.227062,
  "3,3|9": -0.419894,
  "3,3|T": -0.530596,
  "4,4|A": -0.624988,
  "4,4|2": -0.170333,
  "4,4|3": -0.055266,
  "4,4|4": 0.060254,
  "4,4|5": 0.176515,
  "4,4|6": 0.245245,
  "4,4|7": -0.173529,
  "4,4|8": -0.324502,
  "4,4|9": -0.501538,
  "4,4|T": -0.606441,
  "5,5|A": -0.753997,
  "5,5|2": -0.243222,
  "5,5|3": -0.150351,
  "5,5|4": -0.039441,
  "5,5|5": 0.080755,
  "5,5|6": 0.140346,
  "5,5|7": -0.303916,
  "5,5|8": -0.468512,
  "5,5|9": -0.645095,
  "5,5|T": -0.727674,
  "6,6|A": -0.707262,
  "6,6|2": -0.152649,
  "6,6|3": -0.048851,
  "6,6|4": 0.065798,
  "6,6|5": 0.180378,
  "6,6|6": 0.197996,
  "6,6|7": -0.228821,
  "6,6|8": -0.39758,
  "6,6|9": -0.58351,
  "6,6|T": -0.689429,
  "7,7|A": -0.705172,
  "7,7|2": -0.091247,
  "7,7|3": 0.006059,
  "7,7|4": 0.12031,
  "7,7|5": 0.18649,
  "7,7|6": 0.248274,
  "7,7|7": -0.047648,
  "7,7|8": -0.38746,
  "7,7|9": -0.563739,
  "7,7|T": -0.640219,
  "8,8|A": -0.493681,
  "8,8|2": 0.091513,
  "8,8|3": 0.167472,
  "8,8|4": 0.221446,
  "8,8|5": 0.312109,
  "8,8|6": 0.364267,
  "8,8|7": 0.31262,
  "8,8|8": -0.042253,
  "8,8|9": -0.395003,
  "8,8|T": -0.464453,
  "9,9|A": -0.493681,
  "9,9|2": -0.220432,
  "9,9|3": 0.236256,
  "9,9|4": 0.312788,
  "9,9|5": 0.396709,
  "9,9|6": 0.434888,
  "9,9|7": 0.36188,
  "9,9|8": 0.220309,
  "9,9|9": -0.088704,
  "9,9|T": -0.29582,
  "T,T|A": -0.374486,
  "T,T|2": 0.135006,
  "T,T|3": 0.213358,
  "T,T|4": 0.301073,
  "T,T|5": 0.395943,
  "T,T|6": 0.450778,
  "T,T|7": 0.335501,
  "T,T|8": 0.11022,
  "T,T|9": -0.152629,
  "T,T|T": -0.282568
}
