{
  "A,A|A": 0,
  "A,A|2": 0,
  "A,A|3": 0,
  "A,A|4": 0,
  "A,A|5": 0,
  "A,A|6": 0,
  "A,A|7": 0,
  "A,A|8": 0,
  "A,A|9": 0,
  "A,A|T": 0.123486,
  "2,2|A": 0,
  "2,2|2": 0,
  "2,2|3": -0.006032,
  "2,2|4": 0,
  "2,2|5": 0,
  "2,2|6": 0,
  "2,2|7": 0,
  "2,2|8": 0,
  "2,2|9": 0,
  "2,2|T": 0,
  "3,3|A": 0,
  "3,3|2": 0,
  "3,3|3": 0,
  "3,3|4": 0,
  "3,3|5": 0,
  "3,3|6": 0,
  "3,3|7": 0,
  "3,3|8": 0,
  "3,3|9": 0,
  "3,3|T": 0,
  "4,4|A": 0,
  "4,4|2": 0,
  "4,4|3": 0,
  "4,4|4": 0,
  "4,4|5": 0.104715,
  "4,4|6": 0,
  "4,4|7": 0,
  "4,4|8": 0,
  "4,4|9": 0,
  "4,4|T": 0,
  "5,5|A": 0,
  "5,5|2": 0,
  "5,5|3": 0,
  "5,5|4": 0,
  "5,5|5": 0,
  "5,5|6": 0,
  "5,5|7": 0,
  "5,5|8": 0,
  "5,5|9": 0,
  "5,5|T": 0,
  "6,6|A": 0,
  "6,6|2": -0.196581,
  "6,6|3": 0,
  "6,6|4": 0,
  "6,6|5": 0,
  "6,6|6": 0,
  "6,6|7": 0,
  "6,6|8": 0,
  "6,6|9": 0,
  "6,6|T": 0,
  "7,7|A": 0,
  "7,7|2": 0,
  "7,7|3": 0,
  "7,7|4": 0,
  "7,7|5": 0,
  "7,7|6": 0,
  "7,7|7": 0,
  "7,7|8": 0,
  "7,7|9": 0,
  "7,7|T": 0,
  "8,8|A": 0,
  "8,8|2": 0,
  "8,8|3": 0,
  "8,8|4": 0,
  "8,8|5": 0,
  "8,8|6": 0,
  "8,8|7": 0,
  "8,8|8": 0,
  "8,8|9": 0,
  "8,8|T": -0.616464,
  "9,9|A": 0,
  "9,9|2": 0,
  "9,9|3": 0,
  "9,9|4": 0,
  "9,9|5": 0,
  "9,9|6": 0,
  "9,9|7": 0.364198,
  "9,9|8": 0,
  "9,9|9": 0,
  "9,9|T": 0,
  "T,T|A": 0,
  "T,T|2": 0,
  "T,T|3": 0,
  "T,T|4": 0,
  "T,T|5": 0,
  "T,T|6": 0,
  "T,T|7": 0,
  "T,T|8": 0,
  "T,T|9": 0,
  "T,T|T": 0
}
