{
  "A,A|A": -0.49474,
  "A,A|2": 0.622777,
  "A,A|3": 0.670871,
  "A,A|4": 0.723465,
  "A,A|5": 0.780883,
  "A,A|6": 0.822606,
  "A,A|7": 0.628725,
  "A,A|8": 0.495113,
  "A,A|9": 0.362669,
  "A,A|T": 0.142515,
  "2,2|A": -0.974789,
  "2,2|2": -0.143428,
  "2,2|3": -0.08488,
  "2,2|4": -0.018748,
  "2,2|5": 0.085496,
  "2,2|6": 0.113936,
  "2,2|7": -0.048897,
  "2,2|8": -0.215907,
  "2,2|9": -0.400601,
  "2,2|T": -0.626353,
  "3,3|A": -1.005527,
  "3,3|2": -0.206704,
  "3,3|3": -0.132984,
  "3,3|4": -0.027276,
  "3,3|5": 0.067297,
  "3,3|6": 0.092379,
  "3,3|7": -0.108177,
  "3,3|8": -0.268122,
  "3,3|9": -0.440992,
  "3,3|T": -0.667421,
  "4,4|A": -1.064338,
  "4,4|2": -0.258787,
  "4,4|3": -0.164545,
  "4,4|4": -0.069529,
  "4,4|5": 0.024251,
  "4,4|6": 0.042585,
  "4,4|7": -0.23767,
  "4,4|8": -0.367301,
  "4,4|9": -0.523977,
  "4,4|T": -0.737954,
  "5,5|A": -1.148574,
  "5,5|2": -0.300842,
  "5,5|3": -0.219895,
  "5,5|4": -0.125239,
  "5,5|5": -0.022228,
  "5,5|6": -0.009218,
  "5,5|7": -0.340376,
  "5,5|8": -0.493892,
  "5,5|9": -0.661089,
  "5,5|T": -0.849543,
  "6,6|A": -1.124526,
  "6,6|2": -0.248591,
  "6,6|3": -0.166298,
  "6,6|4": -0.074073,
  "6,6|5": 0.017372,
  "6,6|6": -0.000671,
  "6,6|7": -0.29424,
  "6,6|8": -0.44119,
  "6,6|9": -0.60651,
  "6,6|T": -0.81399,
  "7,7|A": -1.107126,
  "7,7|2": -0.177783,
  "7,7|3": -0.100958,
  "7,7|4": -0.013927,
  "7,7|5": 0.035101,
  "7,7|6": 0.086916,
  "7,7|7": -0.105359,
  "7,7|8": -0.426892,
  "7,7|9": -0.58255,
  "7,7|T": -0.769665,
  "8,8|A": -0.912943,
  "8,8|2": 0.021962,
  "8,8|3": 0.086651,
  "8,8|4": 0.131432,
  "8,8|5": 0.20781,
  "8,8|6": 0.283349,
  "8,8|7": 0.259211,
  "8,8|8": -0.074476,
  "8,8|9": -0.416431,
  "8,8|T": -0.606123,
  "9,9|A": -0.745811,
  "9,9|2": 0.164272,
  "9,9|3": 0.19303,
  "9,9|4": 0.263892,
  "9,9|5": 0.341327,
  "9,9|6": 0.388569,
  "9,9|7": 0.33481,
  "9,9|8": 0.200892,
  "9,9|9": -0.099669,
  "9,9|T": -0.447607,
  "T,T|A": -0.979528,
  "T,T|2": 0.13907,
  "T,T|3": 0.21552,
  "T,T|4": 0.30253,
  "T,T|5": 0.396445,
  "T,T|6": 0.457494,
  "T,T|7": 0.335501,
  "T,T|8": 0.11022,
  "T,T|9": -0.152629,
  "T,T|T": -0.478925
}
