{
  "A,A|A": -0.499409,
  "A,A|2": 0.639281,
  "A,A|3": 0.686915,
  "A,A|4": 0.742445,
  "A,A|5": 0.80768,
  "A,A|6": 0.829433,
  "A,A|7": 0.628241,
  "A,A|8": 0.487068,
  "A,A|9": 0.361583,
  "A,A|T": 0.167709,
  "2,2|A": -1.031223,
  "2,2|2": -0.044224,
  "2,2|3": 0.025865,
  "2,2|4": 0.1079,
  "2,2|5": 0.257974,
  "2,2|6": 0.290235,
  "2,2|7": 0.015114,
  "2,2|8": -0.178513,
  "2,2|9": -0.368332,
  "2,2|T": -0.606913,
  "3,3|A": -1.053823,
  "3,3|2": -0.11157,
  "3,3|3": -0.029969,
  "3,3|4": 0.13552,
  "3,3|5": 0.255231,
  "3,3|6": 0.287695,
  "3,3|7": -0.042964,
  "3,3|8": -0.220566,
  "3,3|9": -0.400077,
  "3,3|T": -0.645179,
  "4,4|A": -1.105129,
  "4,4|2": -0.16143,
  "4,4|3": -0.018961,
  "4,4|4": 0.107134,
  "4,4|5": 0.22957,
  "4,4|6": 0.244084,
  "4,4|7": -0.181881,
  "4,4|8": -0.322299,
  "4,4|9": -0.487916,
  "4,4|T": -0.721157,
  "5,5|A": -1.205453,
  "5,5|2": -0.203175,
  "5,5|3": -0.108018,
  "5,5|4": 0.0129,
  "5,5|5": 0.133405,
  "5,5|6": 0.128808,
  "5,5|7": -0.312644,
  "5,5|8": -0.482146,
  "5,5|9": -0.650026,
  "5,5|T": -0.846442,
  "6,6|A": -1.154137,
  "6,6|2": -0.106503,
  "6,6|3": -0.004584,
  "6,6|4": 0.106263,
  "6,6|5": 0.212897,
  "6,6|6": 0.152744,
  "6,6|7": -0.192595,
  "6,6|8": -0.369192,
  "6,6|9": -0.556615,
  "6,6|T": -0.786046,
  "7,7|A": -1.148754,
  "7,7|2": -0.056244,
  "7,7|3": 0.032454,
  "7,7|4": 0.140757,
  "7,7|5": 0.174645,
  "7,7|6": 0.187689,
  "7,7|7": -0.051518,
  "7,7|8": -0.380784,
  "7,7|9": -0.548673,
  "7,7|T": -0.753058,
  "8,8|A": -1.002924,
  "8,8|2": 0.11853,
  "8,8|3": 0.195224,
  "8,8|4": 0.22474,
  "8,8|5": 0.326723,
  "8,8|6": 0.346346,
  "8,8|7": 0.303269,
  "8,8|8": -0.05983,
  "8,8|9": -0.401793,
  "8,8|T": -0.591229,
  "9,9|A": -0.80955,
  "9,9|2": 0.208354,
  "9,9|3": 0.215775,
  "9,9|4": 0.306356,
  "9,9|5": 0.405202,
  "9,9|6": 0.407389,
  "9,9|7": 0.358537,
  "9,9|8": 0.206999,
  "9,9|9": -0.099249,
  "9,9|T": -0.425086,
  "T,T|A": -1.073723,
  "T,T|2": 0.079724,
  "T,T|3": 0.159177,
  "T,T|4": 0.159177,
  "T,T|5": 0.358542,
  "T,T|6": 0.379925,
  "T,T|7": 0.30403,
  "T,T|8": 0.076675,
  "T,T|9": -0.18309,
  "T,T|T": -0.459808
}
