{
  "2,2|3": -0.006032,
  "4,4|5": 0.104715,
  "6,6|2": -0.196581,
  "8,8|T": -0.616464,
  "9,9|7": 0.364198,
  "A,A|T": 0.123486
}
