{
  "A,A|A": 0.261098,
  "A,A|2": 0.639773,
  "A,A|3": 0.687323,
  "A,A|4": 0.742885,
  "A,A|5": 0.807756,
  "A,A|6": 0.832622,
  "A,A|7": 0.628241,
  "A,A|8": 0.487068,
  "A,A|9": 0.361583,
  "A,A|T": 0.259328,
  "2,2|A": -0.439563,
  "2,2|2": -0.12891,
  "2,2|3": -0.068688,
  "2,2|4": 0.006209,
  "2,2|5": 0.137614,
  "2,2|6": 0.136354,
  "2,2|7": -0.050327,
  "2,2|8": -0.218028,
  "2,2|9": -0.395023,
  "2,2|T": -0.475813,
  "3,3|A": -0.477938,
  "3,3|2": -0.200219,
  "3,3|3": -0.127135,
  "3,3|4": 0.016951,
  "3,3|5": 0.129506,
  "3,3|6": 0.123964,
  "3,3|7": -0.107218,
  "3,3|8": -0.264468,
  "3,3|9": -0.424076,
  "3,3|T": -0.517424,
  "4,4|A": -0.574093,
  "4,4|2": -0.255801,
  "4,4|3": -0.131133,
  "4,4|4": -0.016633,
  "4,4|5": 0.092938,
  "4,4|6": 0.078643,
  "4,4|7": -0.252798,
  "4,4|8": -0.369577,
  "4,4|9": -0.51424,
  "4,4|T": -0.600091,
  "5,5|A": -0.712906,
  "5,5|2": -0.266538,
  "5,5|3": -0.175257,
  "5,5|4": -0.062998,
  "5,5|5": 0.058427,
  "5,5|6": 0.032813,
  "5,5|7": -0.353255,
  "5,5|8": -0.510007,
  "5,5|9": -0.668235,
  "5,5|T": -0.736514,
  "6,6|A": -0.654804,
  "6,6|2": -0.210177,
  "6,6|3": -0.119419,
  "6,6|4": -0.011716,
  "6,6|5": 0.087377,
  "6,6|6": -0.003925,
  "6,6|7": -0.267713,
  "6,6|8": -0.418655,
  "6,6|9": -0.584228,
  "6,6|T": -0.670885,
  "7,7|A": -0.60792,
  "7,7|2": -0.148016,
  "7,7|3": -0.061773,
  "7,7|4": 0.035811,
  "7,7|5": 0.05527,
  "7,7|6": 0.072127,
  "7,7|7": -0.110495,
  "7,7|8": -0.422535,
  "7,7|9": -0.569237,
  "7,7|T": -0.635099,
  "8,8|A": -0.326048,
  "8,8|2": 0.045417,
  "8,8|3": 0.112134,
  "8,8|4": 0.132302,
  "8,8|5": 0.217385,
  "8,8|6": 0.268916,
  "8,8|7": 0.251453,
  "8,8|8": -0.087156,
  "8,8|9": -0.427549,
  "8,8|T": -0.459253,
  "9,9|A": -0.078074,
  "9,9|2": 0.17636,
  "9,9|3": 0.173443,
  "9,9|4": 0.257863,
  "9,9|5": 0.348804,
  "9,9|6": 0.364971,
  "9,9|7": 0.335156,
  "9,9|8": 0.189899,
  "9,9|9": -0.108991,
  "9,9|T": -0.279983,
  "T,T|A": -0.301544,
  "T,T|2": 0.084711,
  "T,T|3": 0.161816,
  "T,T|4": 0.25428,
  "T,T|5": 0.359338,
  "T,T|6": 0.394371,
  "T,T|7": 0.30403,
  "T,T|8": 0.076675,
  "T,T|9": -0.18309,
  "T,T|T": -0.262691
}
