{
  "A,A|A": 0.253986,
  "A,A|2": 0.622777,
  "A,A|3": 0.670871,
  "A,A|4": 0.723465,
  "A,A|5": 0.780883,
  "A,A|6": 0.822606,
  "A,A|7": 0.628725,
  "A,A|8": 0.495113,
  "A,A|9": 0.362669,
  "A,A|T": 0.282769,
  "2,2|A": -0.435927,
  "2,2|2": -0.061103,
  "2,2|3": 0.01287,
  "2,2|4": 0.093848,
  "2,2|5": 0.223333,
  "2,2|6": 0.267599,
  "2,2|7": 0.011756,
  "2,2|8": -0.176828,
  "2,2|9": -0.378079,
  "2,2|T": -0.487253,
  "3,3|A": -0.479213,
  "3,3|2": -0.124489,
  "3,3|3": -0.036887,
  "3,3|4": 0.091232,
  "3,3|5": 0.211959,
  "3,3|6": 0.250663,
  "3,3|7": -0.047444,
  "3,3|8": -0.227062,
  "3,3|9": -0.419894,
  "3,3|T": -0.530596,
  "4,4|A": -0.563545,
  "4,4|2": -0.175571,
  "4,4|3": -0.062312,
  "4,4|4": 0.052752,
  "4,4|5": 0.173408,
  "4,4|6": 0.202222,
  "4,4|7": -0.173529,
  "4,4|8": -0.324502,
  "4,4|9": -0.501538,
  "4,4|T": -0.606441,
  "5,5|A": -0.684993,
  "5,5|2": -0.250008,
  "5,5|3": -0.157227,
  "5,5|4": -0.046875,
  "5,5|5": 0.077872,
  "5,5|6": 0.099703,
  "5,5|7": -0.303916,
  "5,5|8": -0.468512,
  "5,5|9": -0.645095,
  "5,5|T": -0.727674,
  "6,6|A": -0.649146,
  "6,6|2": -0.159842,
  "6,6|3": -0.054859,
  "6,6|4": 0.059554,
  "6,6|5": 0.177912,
  "6,6|6": 0.165418,
  "6,6|7": -0.228821,
  "6,6|8": -0.39758,
  "6,6|9": -0.58351,
  "6,6|T": -0.689429,
  "7,7|A": -0.626908,
  "7,7|2": -0.090918,
  "7,7|3": 0.005336,
  "7,7|4": 0.119609,
  "7,7|5": 0.186394,
  "7,7|6": 0.248833,
  "7,7|7": -0.047648,
  "7,7|8": -0.38746,
  "7,7|9": -0.563739,
  "7,7|T": -0.640219,
  "8,8|A": -0.348008,
  "8,8|2": 0.098706,
  "8,8|3": 0.172394,
  "8,8|4": 0.226711,
  "8,8|5": 0.314502,
  "8,8|6": 0.397077,
  "8,8|7": 0.31262,
  "8,8|8": -0.042253,
  "8,8|9": -0.395003,
  "8,8|T": -0.464453,
  "9,9|A": -0.106404,
  "9,9|2": 0.203058,
  "9,9|3": 0.238573,
  "9,9|4": 0.31448,
  "9,9|5": 0.397588,
  "9,9|6": 0.447871,
  "9,9|7": 0.36188,
  "9,9|8": 0.220309,
  "9,9|9": -0.088704,
  "9,9|T": -0.29582,
  "T,T|A": -0.235687,
  "T,T|2": 0.13907,
  "T,T|3": 0.21552,
  "T,T|4": 0.30253,
  "T,T|5": 0.396445,
  "T,T|6": 0.457494,
  "T,T|7": 0.335501,
  "T,T|8": 0.11022,
  "T,T|9": -0.152629,
  "T,T|T": -0.282568
}
