pair,dealer,ev
"A,A",A,+0.247186
"A,A",2,+0.609796
"A,A",3,+0.658099
"A,A",4,+0.708660
"A,A",5,+0.760868
"A,A",6,+0.814366
"A,A",7,+0.626811
"A,A",8,+0.498481
"A,A",9,+0.361839
"A,A",T,+0.297189
"2,2",A,-0.434741
"2,2",2,-0.077705
"2,2",3,-0.011336
"2,2",4,+0.058098
"2,2",5,+0.155828
"2,2",6,+0.211811
"2,2",7,+0.008521
"2,2",8,-0.176655
"2,2",9,-0.384056
"2,2",T,-0.500697
"3,3",A,-0.482526
"3,3",2,-0.133317
"3,3",3,-0.053874
"3,3",4,+0.038529
"3,3",5,+0.131917
"3,3",6,+0.185546
"3,3",7,-0.051156
"3,3",8,-0.230520
"3,3",9,-0.431396
"3,3",T,-0.546163
"4,4",A,-0.562563
"4,4",2,-0.186546
"4,4",3,-0.098130
"4,4",4,-0.008371
"4,4",5,+0.087110
"4,4",6,+0.132072
"4,4",7,-0.168322
"4,4",8,-0.325429
"4,4",9,-0.508045
"4,4",T,-0.618853
"5,5",A,-0.675567
"5,5",2,-0.276801
"5,5",3,-0.196380
"5,5",4,-0.109570
"5,5",5,-0.014921
"5,5",6,+0.023884
"5,5",7,-0.296577
"5,5",8,-0.458318
"5,5",9,-0.637367
"5,5",T,-0.728780
"6,6",A,-0.654258
"6,6",2,-0.196581
"6,6",3,-0.109179
"6,6",4,-0.018731
"6,6",5,+0.076065
"6,6",6,+0.112233
"6,6",7,-0.252799
"6,6",8,-0.416174
"6,6",9,-0.601644
"6,6",T,-0.707472
"7,7",A,-0.644665
"7,7",2,-0.119744
"7,7",3,-0.039560
"7,7",4,+0.047326
"7,7",5,+0.124540
"7,7",6,+0.206874
"7,7",7,-0.049003
"7,7",8,-0.390981
"7,7",9,-0.573365
"7,7",T,-0.651975
"8,8",A,-0.364717
"8,8",2,+0.081686
"8,8",3,+0.154389
"8,8",4,+0.222696
"8,8",5,+0.303050
"8,8",6,+0.404861
"8,8",7,+0.317636
"8,8",8,-0.029931
"8,8",9,-0.390279
"8,8",T,-0.475705
"9,9",A,-0.126514
"9,9",2,+0.198232
"9,9",3,+0.252212
"9,9",4,+0.320243
"9,9",5,+0.393567
"9,9",6,+0.463739
"9,9",7,+0.364198
"9,9",8,+0.229626
"9,9",9,-0.081770
"9,9",T,-0.310189
"T,T",A,-0.191699
"T,T",2,+0.176957
"T,T",3,+0.254679
"T,T",4,+0.335984
"T,T",5,+0.423651
"T,T",6,+0.501678
"T,T",7,+0.357292
"T,T",8,+0.134408
"T,T",9,-0.129690
"T,T",T,-0.293164