pair,dealer,ev
"A,A",A,-0.498566
"A,A",2,+0.609796
"A,A",3,+0.658099
"A,A",4,+0.708660
"A,A",5,+0.760868
"A,A",6,+0.814366
"A,A",7,+0.626811
"A,A",8,+0.498481
"A,A",9,+0.361839
"A,A",T,+0.123486
"2,2",A,-0.971374
"2,2",2,-0.077697
"2,2",3,-0.006032
"2,2",4,+0.069579
"2,2",5,+0.174454
"2,2",6,+0.240586
"2,2",7,+0.008521
"2,2",8,-0.176655
"2,2",9,-0.384056
"2,2",T,-0.639292
"3,3",A,-1.004361
"3,3",2,-0.133317
"3,3",3,-0.049295
"3,3",4,+0.049866
"3,3",5,+0.154495
"3,3",6,+0.216878
"3,3",7,-0.051156
"3,3",8,-0.230520
"3,3",9,-0.431396
"3,3",T,-0.681603
"4,4",A,-1.059541
"4,4",2,-0.186546
"4,4",3,-0.093066
"4,4",4,+0.003983
"4,4",5,+0.112221
"4,4",6,+0.168512
"4,4",7,-0.168322
"4,4",8,-0.325429
"4,4",9,-0.508045
"4,4",T,-0.748901
"5,5",A,-1.137403
"5,5",2,-0.276801
"5,5",3,-0.191120
"5,5",4,-0.094694
"5,5",5,+0.013470
"5,5",6,+0.063724
"5,5",7,-0.296577
"5,5",8,-0.458318
"5,5",9,-0.637367
"5,5",T,-0.850273
"6,6",A,-1.122800
"6,6",2,-0.196516
"6,6",3,-0.098400
"6,6",4,+0.005169
"6,6",5,+0.112981
"6,6",6,+0.158192
"6,6",7,-0.252799
"6,6",8,-0.416174
"6,6",9,-0.601644
"6,6",T,-0.830476
"7,7",A,-1.116100
"7,7",2,-0.119540
"7,7",3,-0.027950
"7,7",4,+0.072473
"7,7",5,+0.159903
"7,7",6,+0.248324
"7,7",7,-0.049003
"7,7",8,-0.390981
"7,7",9,-0.573365
"7,7",T,-0.779610
"8,8",A,-0.922585
"8,8",2,+0.081686
"8,8",3,+0.154389
"8,8",4,+0.222696
"8,8",5,+0.303050
"8,8",6,+0.404861
"8,8",7,+0.317636
"8,8",8,-0.029931
"8,8",9,-0.390279
"8,8",T,-0.616464
"9,9",A,-0.757797
"9,9",2,+0.198232
"9,9",3,+0.252212
"9,9",4,+0.320243
"9,9",5,+0.393567
"9,9",6,+0.463739
"9,9",7,+0.364198
"9,9",8,+0.229626
"9,9",9,-0.081770
"9,9",T,-0.462747
"T,T",A,-0.986786
"T,T",2,+0.176957
"T,T",3,+0.254679
"T,T",4,+0.335984
"T,T",5,+0.423651
"T,T",6,+0.501678
"T,T",7,+0.357292
"T,T",8,+0.134408
"T,T",9,-0.129690
"T,T",T,-0.488873

